{"cameraMode":{"drawMode":0,"name":"Shaded","section":"Shading Mode"},"sceneLighting":true,"audioPlay":false,"sceneViewState":{"m_AlwaysRefresh":false,"showFog":true,"showSkybox":true,"showFlares":true,"showImageEffects":true,"showParticleSystems":true,"showVisualEffectGraphs":true,"m_FxEnabled":true},"in2DMode":false,"pivot":{"x":-2.7407917976379396,"y":3.7980079650878908,"z":-17.34941291809082},"rotation":{"x":0.48051562905311587,"y":0.014464259147644043,"z":-0.007929347455501557,"w":0.8768455386161804},"size":23.074373245239259,"orthographic":false}